{"stats":{"minecraft:picked_up":{"minecraft:stick":2,"minecraft:wheat_seeds":28,"undead:stuffedflesh":8,"minecraft:flint":1,"minecraft:sand":4,"survivalist:plant_fibres":33,"dynamictrees:acacia_seed":1,"mowziesmobs:barakoa_mask_bliss":1,"minecraft:poppy":1,"mowziesmobs:barakoa_mask_misery":1,"minecraft:smooth_sandstone":3,"minecraft:cobblestone":1},"minecraft:mined":{"minecraft:grass":287,"groundcover:palito_3":1,"minecraft:poppy":1,"minecraft:tall_grass":14,"groundcover:palito_2":1,"groundcover:roca_4":1},"minecraft:killed":{"mowziesmobs:barakoaya":10,"undead:thebladedancer":1},"minecraft:killed_by":{"undead:thebladedancer":3,"mowziesmobs:barako":1,"undead:therotten":2},"minecraft:used":{"minecraft:dirt":3,"minecraft:campfire":1,"piglin_expansion:piglin_divinity_staff":5},"minecraft:custom":{"minecraft:crouch_one_cm":827,"minecraft:time_since_rest":30208,"minecraft:play_one_minute":36123,"minecraft:walk_one_cm":51063,"minecraft:sprint_one_cm":85971,"minecraft:damage_taken":1610,"minecraft:deaths":6,"minecraft:sneak_time":623,"minecraft:walk_under_water_one_cm":205,"minecraft:mob_kills":14,"minecraft:leave_game":1,"minecraft:jump":224,"minecraft:walk_on_water_one_cm":317,"minecraft:damage_dealt":1682,"minecraft:time_since_death":30175,"minecraft:climb_one_cm":78,"minecraft:damage_resisted":91,"minecraft:swim_one_cm":382,"minecraft:fall_one_cm":1672,"minecraft:fly_one_cm":86781,"minecraft:open_chest":1,"minecraft:open_barrel":4}},"DataVersion":2586}