{"stats":{"minecraft:dropped":{"aquaculture:neptunium_bow":2,"minecraft:wooden_sword":3,"minecraft:enchanted_golden_apple":3,"born_in_chaos_v1:staffof_magic_arrows":2},"minecraft:broken":{"yurinas_enderite_mod:enderite_boots":1,"yurinas_enderite_mod:enderite_chestplate":1,"yurinas_enderite_mod:enderite_helmet":1,"yurinas_enderite_mod:enderite_leggings":1},"minecraft:picked_up":{"minecraft:birch_log":2,"born_in_chaos_v1:staffof_magic_arrows":1,"minecraft:stick":43,"mowziesmobs:barakoa_mask_faith":1,"minecraft:wheat":8,"minecraft:lilac":17,"nefdecomod:rock_small":1,"minecraft:oak_log":1,"toughasnails:purified_water_bottle":2,"nature_expansion:mushroom_sprouts":1,"minecraft:dark_oak_log":4,"minecraft:dirt":84,"alexsmobs:animal_dictionary":1,"minecraft:string":6,"minecraft:wooden_sword":3,"minecraft:polished_andesite":3,"minecraft:bone":4,"minecraft:rotten_flesh":6,"minecraft:slime_ball":2,"minecraft:wheat_seeds":8,"dynamictrees:dark_oak_seed":2,"minecraft:dark_prismarine_stairs":2,"survivalist:plant_fibres":14,"survivalist:diorite_rock":3,"aquaculture:neptunium_bow":1,"minecraft:cobblestone":194},"minecraft:mined":{"minecraft:large_fern":2,"minecraft:fire":8,"minecraft:lilac":4,"byg:short_grass":5,"minecraft:grass":35,"minecraft:tall_grass":29},"minecraft:custom":{"minecraft:time_since_rest":6243,"minecraft:waystone_activated":1,"minecraft:sprint_one_cm":31817,"minecraft:damage_taken":4937,"minecraft:walk_one_cm":56899,"minecraft:mob_kills":9,"minecraft:drop":10,"minecraft:damage_dealt":1114,"minecraft:fly_one_cm":61565,"minecraft:open_chest":4,"minecraft:play_one_minute":27342,"minecraft:crouch_one_cm":6052,"minecraft:deaths":13,"minecraft:sneak_time":2129,"minecraft:damage_dealt_resisted":192,"minecraft:jump":231,"minecraft:leave_game":2,"minecraft:time_since_death":6215,"minecraft:climb_one_cm":2401,"minecraft:damage_resisted":2531,"minecraft:fall_one_cm":17684},"minecraft:killed":{"undead:therotten":1,"minecraft:zombie":1,"undead:spitter":1,"mowziesmobs:barakoan_player":1,"born_in_chaos_v1:decrepit_skeleton":1},"minecraft:killed_by":{"undead:therod":1,"born_in_chaos_v1:wither_strider":3,"minecraft:skeleton":4,"minecraft:creeper":2,"minecraft:spider":1,"minecraft:zombie":1,"undead:therotten":1},"minecraft:used":{"undead:theheavy_spawn_egg":1,"aquaculture:neptunium_bow":2,"minecraft:lilac":2,"minecraft:wooden_sword":4,"minecraft:cobblestone":1,"guardvillagers:guard_spawn_egg":3,"toughasnails:purified_water_bottle":1,"toolleveling:tool_leveling_table":1,"minecraft:enchanted_golden_apple":1}},"DataVersion":2586}