{"stats":{"minecraft:custom":{"minecraft:jump":1,"minecraft:time_since_rest":738,"minecraft:leave_game":1,"minecraft:damage_dealt":121,"minecraft:play_one_minute":738,"minecraft:walk_on_water_one_cm":16,"minecraft:sprint_one_cm":600,"minecraft:damage_taken":173,"minecraft:time_since_death":738,"minecraft:walk_one_cm":908,"minecraft:mob_kills":1,"minecraft:fall_one_cm":484,"minecraft:fly_one_cm":679},"minecraft:killed":{"born_in_chaos_v1:firelight_n":1},"minecraft:mined":{"minecraft:grass":2}},"DataVersion":2586}