{"stats":{"minecraft:dropped":{"minecraft:wheat_seeds":1,"born_in_chaos_v1:monster_skin":1,"survivalist:plant_fibres":2},"minecraft:picked_up":{"survivalist:stone_rock":9,"born_in_chaos_v1:staffof_magic_arrows":1,"minecraft:stick":19,"minecraft:wheat":4,"minecraft:lilac":6,"minecraft:ladder":2,"subwild:mossy_stone":1,"minecraft:stone_slab":1,"subwild:mossy_gravel":3,"toughasnails:purified_water_bottle":5,"survivalist:andesite_rock":3,"nature_expansion:mushroom_sprouts":1,"minecraft:dirt":26,"alexsmobs:animal_dictionary":1,"minecraft:string":5,"minecraft:dark_prismarine":1,"minecraft:lantern":2,"minecraft:arrow":64,"minecraft:wooden_sword":1,"born_in_chaos_v1:monster_skin":1,"minecraft:bone":1,"minecraft:polished_andesite":7,"minecraft:rotten_flesh":9,"minecraft:apple":29,"minecraft:wheat_seeds":5,"minecraft:smooth_stone":2,"mowziesmobs:barakoa_mask_fear":1,"survivalist:plant_fibres":4,"minecraft:enchanted_golden_apple":3,"aquaculture:neptunium_bow":1,"minecraft:cobblestone":64},"minecraft:mined":{"minecraft:grass":2,"minecraft:grass_block":1,"minecraft:dirt":9,"minecraft:tall_grass":15},"minecraft:custom":{"minecraft:time_since_rest":7404,"minecraft:sprint_one_cm":32129,"minecraft:damage_taken":2781,"minecraft:walk_one_cm":53797,"minecraft:mob_kills":6,"minecraft:drop":4,"minecraft:damage_dealt":311,"minecraft:fly_one_cm":94282,"minecraft:open_barrel":2,"minecraft:open_chest":7,"minecraft:crouch_one_cm":1276,"minecraft:play_one_minute":27210,"minecraft:deaths":14,"minecraft:sneak_time":475,"minecraft:jump":268,"minecraft:damage_dealt_resisted":18,"minecraft:leave_game":1,"minecraft:time_since_death":6879,"minecraft:climb_one_cm":7681,"minecraft:fall_one_cm":9842},"minecraft:killed":{"minecraft:parrot":2,"mowziesmobs:barakoan_player":1},"minecraft:killed_by":{"born_in_chaos_v1:bonescaller":1,"born_in_chaos_v1:baby_skkl":1,"minecraft:skeleton":4,"undead:themoonflower":1,"minecraft:creeper":1,"minecraft:spider":2,"hunterillager:hunterillager":4},"minecraft:used":{"minecraft:chorus_fruit":6,"aquaculture:neptunium_bow":1,"mowziesmobs:blowgun":1,"minecraft:golden_apple":1,"minecraft:wooden_sword":3,"minecraft:dirt":2}},"DataVersion":2586}