{
  "minecraft:recipes/tools/fishing_rod": {
    "criteria": {
      "has_string": "2024-05-13 02:53:51 +0000"
    },
    "done": true
  },
  "decorative_blocks:recipes/decorations/rocky_dirt": {
    "criteria": {
      "has_dirt": "2024-05-13 02:48:32 +0000"
    },
    "done": true
  },
  "farmersdelight:recipes/farmersdelight/wheat_dough_from_eggs": {
    "criteria": {
      "has_wheat": "2024-05-13 02:53:17 +0000"
    },
    "done": true
  },
  "minecraft:recipes/building_blocks/polished_andesite_slab": {
    "criteria": {
      "has_polished_andesite": "2024-05-13 03:03:45 +0000"
    },
    "done": true
  },
  "minecraft:recipes/tools/wooden_axe": {
    "criteria": {
      "has_stick": "2024-05-13 02:47:09 +0000"
    },
    "done": true
  },
  "minecraft:recipes/redstone/lever": {
    "criteria": {
      "has_cobblestone": "2024-05-13 02:50:38 +0000"
    },
    "done": true
  },
  "minecraft:recipes/building_blocks/cobblestone_stairs_from_cobblestone_stonecutting": {
    "criteria": {
      "has_cobblestone": "2024-05-13 02:50:38 +0000"
    },
    "done": true
  },
  "farmersdelight:recipes/farmersdelight/organic_compost_from_rotten_flesh": {
    "criteria": {
      "has_rotten_flesh": "2024-05-13 02:48:44 +0000"
    },
    "done": true
  },
  "betterendforge:recipes/betterendforge/thallasium_shovel_smithing": {
    "criteria": {
      "has_stick": "2024-05-13 02:47:09 +0000"
    },
    "done": true
  },
  "undead:undeadto": {
    "criteria": {
      "undeadto": "2024-05-13 02:46:27 +0000"
    },
    "done": true
  },
  "minecraft:recipes/misc/magenta_dye_from_lilac": {
    "criteria": {
      "has_double_plant": "2024-05-13 02:46:37 +0000"
    },
    "done": true
  },
  "shieldexp:recipes/diamond_shield": {
    "criteria": {
      "has_diamond": "2024-05-13 02:46:27 +0000"
    },
    "done": true
  },
  "minecraft:recipes/decorations/loom": {
    "criteria": {
      "has_string": "2024-05-13 02:53:51 +0000"
    },
    "done": true
  },
  "minecraft:recipes/building_blocks/polished_andesite_stairs": {
    "criteria": {
      "has_polished_andesite": "2024-05-13 03:03:45 +0000"
    },
    "done": true
  },
  "cold_sweat:root": {
    "criteria": {
      "requirement": "2024-05-13 02:46:27 +0000"
    },
    "done": true
  },
  "immersivecooking:recipes/immersivecooking/oak_andesite_pantry": {
    "criteria": {
      "has_polished_andesite": "2024-05-13 03:03:45 +0000"
    },
    "done": true
  },
  "extcaves:caves/kill_a_skeleton_or_zombie": {
    "criteria": {
      "minecraft:zombie": "2024-05-13 02:51:13 +0000"
    },
    "done": true
  },
  "minecraft:recipes/decorations/campfire": {
    "criteria": {
      "has_stick": "2024-05-13 02:47:09 +0000"
    },
    "done": true
  },
  "minecraft:recipes/food/bread": {
    "criteria": {
      "has_wheat": "2024-05-13 02:53:17 +0000"
    },
    "done": true
  },
  "minecraft:recipes/decorations/ladder": {
    "criteria": {
      "has_stick": "2024-05-13 02:47:09 +0000"
    },
    "done": true
  },
  "farmersdelight:recipes/farmersdelight/pie_crust": {
    "criteria": {
      "has_wheat": "2024-05-13 02:53:17 +0000"
    },
    "done": true
  },
  "minecraft:recipes/decorations/chest": {
    "criteria": {
      "has_lots_of_items": "2024-05-13 02:48:44 +0000"
    },
    "done": true
  },
  "survivalist:birch_chopping_block": {
    "criteria": {
      "has_log": "2024-05-13 03:05:39 +0000"
    },
    "done": true
  },
  "ceramics:recipes/building_blocks/stone_kiln": {
    "criteria": {
      "has_item": "2024-05-13 02:50:38 +0000"
    },
    "done": true
  },
  "betterendforge:recipes/betterendforge/andesite_pedestal": {
    "criteria": {
      "has_andesite_pillar": "2024-05-13 03:03:45 +0000"
    },
    "done": true
  },
  "minecraft:recipes/tools/wooden_shovel": {
    "criteria": {
      "has_stick": "2024-05-13 02:47:09 +0000"
    },
    "done": true
  },
  "mcwbridges:recipes/oak_bridge_pier": {
    "criteria": {
      "has_planks": "2024-05-13 02:48:40 +0000"
    },
    "done": true
  },
  "extcaves:caves/kill_a_zombie": {
    "criteria": {
      "minecraft:zombie": "2024-05-13 02:51:13 +0000"
    },
    "done": true
  },
  "betterendforge:recipes/betterendforge/thallasium_pickaxe_smithing": {
    "criteria": {
      "has_stick": "2024-05-13 02:47:09 +0000"
    },
    "done": true
  },
  "survivalist:recipes/chopping": {
    "criteria": {
      "has_log": "2024-05-13 02:48:28 +0000"
    },
    "done": true
  },
  "betterendforge:recipes/betterendforge/terminite_hammer_smithing": {
    "criteria": {
      "has_stick": "2024-05-13 02:47:09 +0000"
    },
    "done": true
  },
  "survivalist:oak_chopping_block": {
    "criteria": {
      "has_log": "2024-05-13 02:48:40 +0000"
    },
    "done": true
  },
  "mowziesmobs:root": {
    "criteria": {
      "custom_test_name": "2024-05-13 02:46:27 +0000"
    },
    "done": true
  },
  "aquaculture:recipes/tools/wooden_fillet_knife": {
    "criteria": {
      "has_items": "2024-05-13 02:47:09 +0000"
    },
    "done": true
  },
  "weeping_angels:recipes/angels/chisel": {
    "criteria": {
      "has_stone": "2024-05-13 02:50:38 +0000"
    },
    "done": true
  },
  "immersivecooking:recipes/immersivecooking/oak_andesite_counter": {
    "criteria": {
      "has_polished_andesite": "2024-05-13 03:03:45 +0000"
    },
    "done": true
  },
  "minecraft:recipes/combat/wooden_sword": {
    "criteria": {
      "has_stick": "2024-05-13 02:47:09 +0000"
    },
    "done": true
  },
  "survivalist:recipes/stones": {
    "criteria": {
      "has_rock": "2024-05-13 02:48:32 +0000"
    },
    "done": true
  },
  "minecraft:recipes/tools/stone_shovel": {
    "criteria": {
      "has_cobblestone": "2024-05-13 02:50:38 +0000"
    },
    "done": true
  },
  "weeping_angels:recipes/angels/coffin": {
    "criteria": {
      "has_bone": "2024-05-13 02:48:26 +0000"
    },
    "done": true
  },
  "minecraft:recipes/building_blocks/oak_planks": {
    "criteria": {
      "has_logs": "2024-05-13 02:48:40 +0000"
    },
    "done": true
  },
  "minecraft:recipes/redstone/dispenser": {
    "criteria": {
      "has_bow": "2024-05-13 02:57:57 +0000"
    },
    "done": true
  },
  "decorative_blocks:recipes/decorations/oak_palisade": {
    "criteria": {
      "has_log": "2024-05-13 02:48:40 +0000"
    },
    "done": true
  },
  "skiing:recipes/skiing/snow_shovel": {
    "criteria": {
      "has_stick": "2024-05-13 02:47:09 +0000"
    },
    "done": true
  },
  "immersivecooking:recipes/immersivecooking/brick_andesite_counter": {
    "criteria": {
      "has_polished_andesite": "2024-05-13 03:03:45 +0000"
    },
    "done": true
  },
  "minecraft:recipes/building_blocks/dark_oak_planks": {
    "criteria": {
      "has_log": "2024-05-13 02:48:28 +0000"
    },
    "done": true
  },
  "minecraft:husbandry/balanced_diet": {
    "criteria": {
      "enchanted_golden_apple": "2024-05-13 03:03:02 +0000"
    },
    "done": false
  },
  "betterendforge:recipes/betterendforge/terminite_shovel_smithing": {
    "criteria": {
      "has_stick": "2024-05-13 02:47:09 +0000"
    },
    "done": true
  },
  "minecraft:recipes/tools/wooden_hoe": {
    "criteria": {
      "has_stick": "2024-05-13 02:47:09 +0000"
    },
    "done": true
  },
  "minecraft:recipes/building_blocks/polished_andesite_stairs_from_polished_andesite_stonecutting": {
    "criteria": {
      "has_polished_andesite": "2024-05-13 03:03:45 +0000"
    },
    "done": true
  },
  "sophisticatedbackpacks:recipes/sophisticatedbackpacks/blasting_upgrade_from_smelting_upgrade": {
    "criteria": {
      "has_smelting_upgrade": "2024-05-13 02:46:27 +0000"
    },
    "done": true
  },
  "minecraft:recipes/building_blocks/cobblestone_slab": {
    "criteria": {
      "has_cobblestone": "2024-05-13 02:50:38 +0000"
    },
    "done": true
  },
  "minecraft:recipes/tools/lead": {
    "criteria": {
      "has_slime_ball": "2024-05-13 02:51:29 +0000"
    },
    "done": true
  },
  "minecraft:recipes/redstone/tripwire_hook": {
    "criteria": {
      "has_string": "2024-05-13 02:53:51 +0000"
    },
    "done": true
  },
  "minecraft:recipes/misc/bone_meal": {
    "criteria": {
      "has_bone": "2024-05-13 02:48:26 +0000"
    },
    "done": true
  },
  "minecraft:recipes/building_blocks/cobblestone_stairs": {
    "criteria": {
      "has_cobblestone": "2024-05-13 02:50:38 +0000"
    },
    "done": true
  },
  "minecraft:recipes/building_blocks/birch_planks": {
    "criteria": {
      "has_logs": "2024-05-13 03:05:39 +0000"
    },
    "done": true
  },
  "decorative_blocks:recipes/decorations/dark_oak_palisade": {
    "criteria": {
      "has_log": "2024-05-13 02:48:28 +0000"
    },
    "done": true
  },
  "supplementaries:recipes/crank": {
    "criteria": {
      "has_item": "2024-05-13 02:50:38 +0000"
    },
    "done": true
  },
  "survivalist:recipes/dough": {
    "criteria": {
      "has_wheat": "2024-05-13 02:53:17 +0000"
    },
    "done": true
  },
  "cold_sweat:recipe_waterskin": {
    "criteria": {
      "temperature": "2024-05-13 03:04:48 +0000"
    },
    "done": true
  },
  "betterendforge:recipes/betterendforge/terminite_axe_smithing": {
    "criteria": {
      "has_stick": "2024-05-13 02:47:09 +0000"
    },
    "done": true
  },
  "minecraft:recipes/building_blocks/oak_wood": {
    "criteria": {
      "has_log": "2024-05-13 02:48:40 +0000"
    },
    "done": true
  },
  "paraglider:recipes/paraglider/paraglider": {
    "criteria": {
      "has_stick": "2024-05-13 02:47:09 +0000"
    },
    "done": true
  },
  "survivalist:recipes/basic_hatchet": {
    "criteria": {
      "has_stick": "2024-05-13 02:47:09 +0000"
    },
    "done": true
  },
  "minecraft:recipes/combat/crossbow": {
    "criteria": {
      "has_stick": "2024-05-13 02:47:09 +0000"
    },
    "done": true
  },
  "immersivecooking:recipes/immersivecooking/nether_brick_andesite_counter": {
    "criteria": {
      "has_polished_andesite": "2024-05-13 03:03:45 +0000"
    },
    "done": true
  },
  "sophisticatedbackpacks:recipes/sophisticatedbackpacks/smoking_upgrade": {
    "criteria": {
      "has_upgrade_base": "2024-05-13 02:46:27 +0000"
    },
    "done": true
  },
  "shieldexp:recipes/netherite_shield": {
    "criteria": {
      "has_netherite_ingot": "2024-05-13 02:46:27 +0000"
    },
    "done": true
  },
  "minecraft:recipes/building_blocks/hay_block": {
    "criteria": {
      "has_wheat": "2024-05-13 02:53:17 +0000"
    },
    "done": true
  },
  "sophisticatedbackpacks:recipes/sophisticatedbackpacks/blasting_upgrade": {
    "criteria": {
      "has_upgrade_base": "2024-05-13 02:46:27 +0000"
    },
    "done": true
  },
  "minecraft:recipes/combat/bow": {
    "criteria": {
      "has_string": "2024-05-13 02:53:51 +0000"
    },
    "done": true
  },
  "sophisticatedbackpacks:recipes/sophisticatedbackpacks/auto_smoking_upgrade": {
    "criteria": {
      "has_smoking_upgrade": "2024-05-13 02:46:27 +0000"
    },
    "done": true
  },
  "minecraft:adventure/kill_a_mob": {
    "criteria": {
      "minecraft:zombie": "2024-05-13 02:51:13 +0000"
    },
    "done": true
  },
  "immersivecooking:recipes/immersivecooking/crimson_andesite_counter": {
    "criteria": {
      "has_polished_andesite": "2024-05-13 03:03:45 +0000"
    },
    "done": true
  },
  "takesapillage:root": {
    "criteria": {
      "always": "2024-05-13 02:46:27 +0000"
    },
    "done": true
  },
  "betterendforge:recipes/betterendforge/thallasium_sword_handle_smithing": {
    "criteria": {
      "has_stick": "2024-05-13 02:47:09 +0000"
    },
    "done": true
  },
  "betterendforge:recipes/betterendforge/thallasium_axe_smithing": {
    "criteria": {
      "has_stick": "2024-05-13 02:47:09 +0000"
    },
    "done": true
  },
  "betterendforge:recipes/betterendforge/thallasium_hoe_smithing": {
    "criteria": {
      "has_stick": "2024-05-13 02:47:09 +0000"
    },
    "done": true
  },
  "immersivecooking:recipes/immersivecooking/dark_oak_andesite_pantry": {
    "criteria": {
      "has_polished_andesite": "2024-05-13 03:03:45 +0000"
    },
    "done": true
  },
  "cold_sweat:recipe_thermometer": {
    "criteria": {
      "temperature": "2024-05-13 02:46:27 +0000"
    },
    "done": true
  },
  "betterendforge:recipes/betterendforge/terminite_pickaxe_smithing": {
    "criteria": {
      "has_stick": "2024-05-13 02:47:09 +0000"
    },
    "done": true
  },
  "farmersdelight:recipes/farmersdelight/flint_knife": {
    "criteria": {
      "has_stick": "2024-05-13 02:47:09 +0000"
    },
    "done": true
  },
  "minecraft:recipes/redstone/sticky_piston": {
    "criteria": {
      "has_slime_ball": "2024-05-13 02:51:29 +0000"
    },
    "done": true
  },
  "survivalist:dark_oak_chopping_block": {
    "criteria": {
      "has_log": "2024-05-13 02:48:28 +0000"
    },
    "done": true
  },
  "minecraft:story/mine_stone": {
    "criteria": {
      "get_stone": "2024-05-13 02:50:38 +0000"
    },
    "done": true
  },
  "minecraft:recipes/building_blocks/stone": {
    "criteria": {
      "has_cobblestone": "2024-05-13 02:50:38 +0000"
    },
    "done": true
  },
  "survivalist:recipes/basic_spade": {
    "criteria": {
      "has_stick": "2024-05-13 02:47:09 +0000"
    },
    "done": true
  },
  "minecraft:recipes/decorations/furnace": {
    "criteria": {
      "has_cobblestone": "2024-05-13 02:50:38 +0000"
    },
    "done": true
  },
  "morevillagers:root": {
    "criteria": {
      "always": "2024-05-13 02:46:27 +0000"
    },
    "done": true
  },
  "minecraft:adventure/adventuring_time": {
    "criteria": {
      "minecraft:forest": "2024-05-13 02:48:58 +0000",
      "minecraft:birch_forest": "2024-05-13 02:46:27 +0000"
    },
    "done": false
  },
  "survivalist:recipes/string": {
    "criteria": {
      "has_fibres": "2024-05-13 02:47:04 +0000"
    },
    "done": true
  },
  "minecraft:recipes/misc/charcoal": {
    "criteria": {
      "has_log": "2024-05-13 02:48:28 +0000"
    },
    "done": true
  },
  "mcwbridges:recipes/birch_bridge_pier": {
    "criteria": {
      "has_planks": "2024-05-13 03:05:39 +0000"
    },
    "done": true
  },
  "minecraft:recipes/tools/wooden_pickaxe": {
    "criteria": {
      "has_stick": "2024-05-13 02:47:09 +0000"
    },
    "done": true
  },
  "sophisticatedbackpacks:recipes/sophisticatedbackpacks/smoking_upgrade_from_smelting_upgrade": {
    "criteria": {
      "has_smelting_upgrade": "2024-05-13 02:46:27 +0000"
    },
    "done": true
  },
  "cold_sweat:extreme_temps": {
    "criteria": {
      "requirement": "2024-05-13 02:46:27 +0000"
    },
    "done": true
  },
  "minecraft:recipes/building_blocks/cobblestone_slab_from_cobblestone_stonecutting": {
    "criteria": {
      "has_cobblestone": "2024-05-13 02:50:38 +0000"
    },
    "done": true
  },
  "immersivecooking:recipes/immersivecooking/crimson_andesite_pantry": {
    "criteria": {
      "has_polished_andesite": "2024-05-13 03:03:45 +0000"
    },
    "done": true
  },
  "minecraft:husbandry/root": {
    "criteria": {
      "consumed_item": "2024-05-13 03:03:02 +0000"
    },
    "done": true
  },
  "undead:rotty": {
    "criteria": {
      "rotty": "2024-05-13 03:04:23 +0000"
    },
    "done": true
  },
  "immersive_aircraft:misc/aircraftery": {
    "criteria": {
      "has_item": "2024-05-13 02:46:27 +0000"
    },
    "done": true
  },
  "undead:shootspit": {
    "criteria": {
      "shootspit": "2024-05-13 02:48:43 +0000"
    },
    "done": true
  },
  "shieldexp:recipes/iron_shield": {
    "criteria": {
      "has_iron_ingot": "2024-05-13 02:46:27 +0000"
    },
    "done": true
  },
  "betterendforge:recipes/betterendforge/terminite_hoe_smithing": {
    "criteria": {
      "has_stick": "2024-05-13 02:47:09 +0000"
    },
    "done": true
  },
  "minecraft:recipes/combat/stone_sword": {
    "criteria": {
      "has_cobblestone": "2024-05-13 02:50:38 +0000"
    },
    "done": true
  },
  "minecraft:recipes/decorations/cobblestone_wall": {
    "criteria": {
      "has_cobblestone": "2024-05-13 02:50:38 +0000"
    },
    "done": true
  },
  "survivalist:recipes/basic_pick": {
    "criteria": {
      "has_stick": "2024-05-13 02:47:09 +0000"
    },
    "done": true
  },
  "immersivecooking:recipes/immersivecooking/spruce_andesite_pantry": {
    "criteria": {
      "has_polished_andesite": "2024-05-13 03:03:45 +0000"
    },
    "done": true
  },
  "immersivecooking:recipes/immersivecooking/birch_andesite_counter": {
    "criteria": {
      "has_polished_andesite": "2024-05-13 03:03:45 +0000"
    },
    "done": true
  },
  "minecraft:recipes/tools/stone_pickaxe": {
    "criteria": {
      "has_cobblestone": "2024-05-13 02:50:38 +0000"
    },
    "done": true
  },
  "immersivecooking:recipes/immersivecooking/acacia_andesite_pantry": {
    "criteria": {
      "has_polished_andesite": "2024-05-13 03:03:45 +0000"
    },
    "done": true
  },
  "minecraft:recipes/building_blocks/dark_oak_wood": {
    "criteria": {
      "has_log": "2024-05-13 02:48:28 +0000"
    },
    "done": true
  },
  "skiing:recipes/skiing/ski_stick": {
    "criteria": {
      "has_stick": "2024-05-13 02:47:09 +0000"
    },
    "done": true
  },
  "farmersdelight:recipes/farmersdelight/cutting_board": {
    "criteria": {
      "has_stick": "2024-05-13 02:47:09 +0000"
    },
    "done": true
  },
  "sketchbookattributes:fighter": {
    "criteria": {
      "triggered_in_code": "2024-05-13 02:46:32 +0000"
    },
    "done": true
  },
  "aquaculture:recipes/tools/stone_fillet_knife": {
    "criteria": {
      "has_items": "2024-05-13 02:50:38 +0000"
    },
    "done": true
  },
  "sophisticatedbackpacks:recipes/sophisticatedbackpacks/auto_blasting_upgrade_from_auto_smelting_upgrade": {
    "criteria": {
      "has_auto_smelting_upgrade": "2024-05-13 02:46:27 +0000"
    },
    "done": true
  },
  "minecraft:adventure/root": {
    "criteria": {
      "killed_by_something": "2024-05-13 02:46:42 +0000"
    },
    "done": true
  },
  "minecraft:recipes/decorations/cobblestone_wall_from_cobblestone_stonecutting": {
    "criteria": {
      "has_cobblestone": "2024-05-13 02:50:38 +0000"
    },
    "done": true
  },
  "minecraft:recipes/immersivecooking/andesite_countertop_from_polished_andesite_slab_stonecutting": {
    "criteria": {
      "has_polished_andesite": "2024-05-13 03:03:45 +0000"
    },
    "done": true
  },
  "minecraft:recipes/building_blocks/polished_andesite_slab_from_polished_andesite_stonecutting": {
    "criteria": {
      "has_polished_andesite": "2024-05-13 03:03:45 +0000"
    },
    "done": true
  },
  "mcwbridges:recipes/dark_oak_bridge_pier": {
    "criteria": {
      "has_planks": "2024-05-13 02:48:28 +0000"
    },
    "done": true
  },
  "farmersdelight:main/root": {
    "criteria": {
      "seeds": "2024-05-13 02:46:27 +0000"
    },
    "done": true
  },
  "immersivecooking:recipes/immersivecooking/warped_andesite_counter": {
    "criteria": {
      "has_polished_andesite": "2024-05-13 03:03:45 +0000"
    },
    "done": true
  },
  "shieldexp:recipes/wooden_shield": {
    "criteria": {
      "has_stick": "2024-05-13 02:46:27 +0000"
    },
    "done": true
  },
  "minecraft:recipes/tools/stone_hoe": {
    "criteria": {
      "has_cobblestone": "2024-05-13 02:50:38 +0000"
    },
    "done": true
  },
  "minecraft:recipes/building_blocks/white_wool_from_string": {
    "criteria": {
      "has_string": "2024-05-13 02:53:51 +0000"
    },
    "done": true
  },
  "weeping_angels:recipes/angels/plinth": {
    "criteria": {
      "has_crafting_table": "2024-05-13 03:03:45 +0000"
    },
    "done": true
  },
  "sophisticatedbackpacks:recipes/sophisticatedbackpacks/auto_smoking_upgrade_from_auto_smelting_upgrade": {
    "criteria": {
      "has_auto_smelting_upgrade": "2024-05-13 02:46:27 +0000"
    },
    "done": true
  },
  "minecraft:adventure/kill_all_mobs": {
    "criteria": {
      "minecraft:zombie": "2024-05-13 02:51:13 +0000"
    },
    "done": false
  },
  "immersivecooking:recipes/immersivecooking/dark_oak_andesite_counter": {
    "criteria": {
      "has_polished_andesite": "2024-05-13 03:03:45 +0000"
    },
    "done": true
  },
  "minecraft:recipes/building_blocks/birch_wood": {
    "criteria": {
      "has_log": "2024-05-13 03:05:39 +0000"
    },
    "done": true
  },
  "nature_expansion:first_advancement": {
    "criteria": {
      "first_advancement": "2024-05-13 02:46:27 +0000"
    },
    "done": true
  },
  "immersivecooking:recipes/immersivecooking/acacia_andesite_counter": {
    "criteria": {
      "has_polished_andesite": "2024-05-13 03:03:45 +0000"
    },
    "done": true
  },
  "farmersdelight:recipes/farmersdelight/wheat_dough_from_water": {
    "criteria": {
      "has_wheat": "2024-05-13 02:53:17 +0000"
    },
    "done": true
  },
  "minecraft:recipes/misc/mojang_banner_pattern": {
    "criteria": {
      "has_enchanted_golden_apple": "2024-05-13 03:00:37 +0000"
    },
    "done": true
  },
  "sophisticatedbackpacks:recipes/sophisticatedbackpacks/auto_blasting_upgrade": {
    "criteria": {
      "has_blasting_upgrade": "2024-05-13 02:46:27 +0000"
    },
    "done": true
  },
  "immersivecooking:recipes/immersivecooking/jungle_andesite_pantry": {
    "criteria": {
      "has_polished_andesite": "2024-05-13 03:03:45 +0000"
    },
    "done": true
  },
  "weeping_angels:recipes/angels/statue": {
    "criteria": {
      "has_stone": "2024-05-13 03:03:45 +0000"
    },
    "done": true
  },
  "minecraft:recipes/decorations/slime_block": {
    "criteria": {
      "has_slime_ball": "2024-05-13 02:51:29 +0000"
    },
    "done": true
  },
  "minecraft:recipes/immersivecooking/andesite_countertop_from_polished_andesite_stonecutting": {
    "criteria": {
      "has_polished_andesite": "2024-05-13 03:03:45 +0000"
    },
    "done": true
  },
  "immersivecooking:recipes/immersivecooking/birch_andesite_pantry": {
    "criteria": {
      "has_polished_andesite": "2024-05-13 03:03:45 +0000"
    },
    "done": true
  },
  "shieldexp:recipes/golden_shield": {
    "criteria": {
      "has_gold_ingot": "2024-05-13 02:46:27 +0000"
    },
    "done": true
  },
  "decorative_blocks:recipes/decorations/birch_palisade": {
    "criteria": {
      "has_log": "2024-05-13 03:05:39 +0000"
    },
    "done": true
  },
  "minecraft:recipes/decorations/soul_campfire": {
    "criteria": {
      "has_stick": "2024-05-13 02:47:09 +0000"
    },
    "done": true
  },
  "immersivecooking:recipes/immersivecooking/warped_andesite_pantry": {
    "criteria": {
      "has_polished_andesite": "2024-05-13 03:03:45 +0000"
    },
    "done": true
  },
  "aquaculture:recipes/misc/neptinium_ingot_from_blasting": {
    "criteria": {
      "has_bow": "2024-05-13 03:01:44 +0000"
    },
    "done": true
  },
  "minecraft:recipes/tools/stone_axe": {
    "criteria": {
      "has_cobblestone": "2024-05-13 02:50:38 +0000"
    },
    "done": true
  },
  "immersivecooking:recipes/immersivecooking/jungle_andesite_counter": {
    "criteria": {
      "has_polished_andesite": "2024-05-13 03:03:45 +0000"
    },
    "done": true
  },
  "survivalist:recipes/building_blocks/cobblestone_from_rocks": {
    "criteria": {
      "has_rock": "2024-05-13 02:50:38 +0000"
    },
    "done": true
  },
  "immersivecooking:recipes/immersivecooking/spruce_andesite_counter": {
    "criteria": {
      "has_polished_andesite": "2024-05-13 03:03:45 +0000"
    },
    "done": true
  },
  "betterendforge:recipes/betterendforge/terminite_sword_handle_smithing": {
    "criteria": {
      "has_stick": "2024-05-13 02:47:09 +0000"
    },
    "done": true
  },
  "decorative_blocks:recipes/decorations/lattice": {
    "criteria": {
      "has_stick": "2024-05-13 02:47:09 +0000"
    },
    "done": true
  },
  "repurposed_structures:root": {
    "criteria": {
      "always": "2024-05-13 02:46:27 +0000"
    },
    "done": true
  },
  "betterendforge:recipes/betterendforge/thallasium_hammer_smithing": {
    "criteria": {
      "has_stick": "2024-05-13 02:47:09 +0000"
    },
    "done": true
  },
  "DataVersion": 2586
}