{
  "minecraft:recipes/tools/fishing_rod": {
    "criteria": {
      "has_string": "2024-05-13 02:53:44 +0000"
    },
    "done": true
  },
  "minecraft:recipes/building_blocks/polished_andesite_slab": {
    "criteria": {
      "has_polished_andesite": "2024-05-13 03:04:32 +0000"
    },
    "done": true
  },
  "farmersdelight:recipes/farmersdelight/wheat_dough_from_eggs": {
    "criteria": {
      "has_wheat": "2024-05-13 02:53:14 +0000"
    },
    "done": true
  },
  "decorative_blocks:recipes/decorations/rocky_dirt": {
    "criteria": {
      "has_dirt": "2024-05-13 02:50:11 +0000"
    },
    "done": true
  },
  "ceramics:recipes/building_blocks/smooth_stone_slab_kiln": {
    "criteria": {
      "has_item": "2024-05-13 02:49:31 +0000"
    },
    "done": true
  },
  "minecraft:recipes/redstone/lever": {
    "criteria": {
      "has_cobblestone": "2024-05-13 03:05:20 +0000"
    },
    "done": true
  },
  "minecraft:recipes/building_blocks/cobblestone_stairs_from_cobblestone_stonecutting": {
    "criteria": {
      "has_cobblestone": "2024-05-13 03:05:20 +0000"
    },
    "done": true
  },
  "farmersdelight:recipes/farmersdelight/organic_compost_from_rotten_flesh": {
    "criteria": {
      "has_rotten_flesh": "2024-05-13 02:50:43 +0000"
    },
    "done": true
  },
  "minecraft:recipes/misc/magenta_dye_from_lilac": {
    "criteria": {
      "has_double_plant": "2024-05-13 02:50:44 +0000"
    },
    "done": true
  },
  "minecraft:recipes/combat/iron_sword": {
    "criteria": {
      "has_iron_ingot": "2024-05-13 02:54:09 +0000"
    },
    "done": true
  },
  "undead:thisisntslime": {
    "criteria": {
      "thisisntslime": "2024-05-13 03:05:47 +0000"
    },
    "done": true
  },
  "immersivecooking:recipes/immersivecooking/acacia_stone_pantry": {
    "criteria": {
      "has_smooth_stone": "2024-05-13 03:04:24 +0000"
    },
    "done": true
  },
  "minecraft:recipes/building_blocks/dark_prismarine_slab_from_dark_prismarine_stonecutting": {
    "criteria": {
      "has_dark_prismarine": "2024-05-13 03:04:33 +0000"
    },
    "done": true
  },
  "minecraft:recipes/building_blocks/polished_andesite_stairs": {
    "criteria": {
      "has_polished_andesite": "2024-05-13 03:04:32 +0000"
    },
    "done": true
  },
  "immersivecooking:recipes/immersivecooking/oak_andesite_pantry": {
    "criteria": {
      "has_polished_andesite": "2024-05-13 03:04:32 +0000"
    },
    "done": true
  },
  "betterendforge:recipes/betterendforge/iron_chandelier": {
    "criteria": {
      "has_iron_ingot": "2024-05-13 02:54:09 +0000"
    },
    "done": true
  },
  "minecraft:recipes/tools/iron_pickaxe": {
    "criteria": {
      "has_iron_ingot": "2024-05-13 02:54:09 +0000"
    },
    "done": true
  },
  "immersivecooking:recipes/immersivecooking/stove_hood": {
    "criteria": {
      "has_iron": "2024-05-13 02:54:09 +0000"
    },
    "done": true
  },
  "minecraft:recipes/combat/leather_helmet": {
    "criteria": {
      "has_leather": "2024-05-13 02:54:04 +0000"
    },
    "done": true
  },
  "immersivecooking:recipes/immersivecooking/brick_stone_counter": {
    "criteria": {
      "has_smooth_stone": "2024-05-13 03:04:24 +0000"
    },
    "done": true
  },
  "chimes:recipes/decorations/iron_chimes": {
    "criteria": {
      "has_wood_slabs": "2024-05-13 02:54:09 +0000"
    },
    "done": true
  },
  "minecraft:recipes/decorations/campfire": {
    "criteria": {
      "has_stick": "2024-05-13 02:50:44 +0000"
    },
    "done": true
  },
  "minecraft:recipes/food/bread": {
    "criteria": {
      "has_wheat": "2024-05-13 02:53:14 +0000"
    },
    "done": true
  },
  "immersivecooking:recipes/immersivecooking/dark_oak_stone_pantry": {
    "criteria": {
      "has_smooth_stone": "2024-05-13 03:04:24 +0000"
    },
    "done": true
  },
  "minecraft:recipes/decorations/blast_furnace": {
    "criteria": {
      "has_smooth_stone": "2024-05-13 03:04:24 +0000"
    },
    "done": true
  },
  "minecraft:recipes/decorations/ladder": {
    "criteria": {
      "has_stick": "2024-05-13 02:50:44 +0000"
    },
    "done": true
  },
  "minecraft:recipes/building_blocks/dark_prismarine_stairs_from_dark_prismarine_stonecutting": {
    "criteria": {
      "has_dark_prismarine": "2024-05-13 03:04:33 +0000"
    },
    "done": true
  },
  "farmersdelight:recipes/farmersdelight/pie_crust": {
    "criteria": {
      "has_wheat": "2024-05-13 02:53:14 +0000"
    },
    "done": true
  },
  "minecraft:recipes/misc/iron_nugget": {
    "criteria": {
      "has_iron_ingot": "2024-05-13 02:54:09 +0000"
    },
    "done": true
  },
  "minecraft:recipes/decorations/chest": {
    "criteria": {
      "has_lots_of_items": "2024-05-13 02:54:23 +0000"
    },
    "done": true
  },
  "betterendforge:recipes/betterendforge/andesite_pedestal": {
    "criteria": {
      "has_andesite_pillar": "2024-05-13 03:04:32 +0000"
    },
    "done": true
  },
  "paraglider:recipes/paraglider/cosmetic/paraglider": {
    "criteria": {
      "has_paragliders": "2024-05-13 02:54:54 +0000"
    },
    "done": true
  },
  "immersivecooking:recipes/immersivecooking/birch_stone_pantry": {
    "criteria": {
      "has_smooth_stone": "2024-05-13 03:04:24 +0000"
    },
    "done": true
  },
  "minecraft:recipes/tools/wooden_shovel": {
    "criteria": {
      "has_stick": "2024-05-13 02:50:44 +0000"
    },
    "done": true
  },
  "immersivecooking:recipes/immersivecooking/oak_stone_pantry": {
    "criteria": {
      "has_smooth_stone": "2024-05-13 03:04:24 +0000"
    },
    "done": true
  },
  "betterendforge:recipes/betterendforge/thallasium_pickaxe_smithing": {
    "criteria": {
      "has_stick": "2024-05-13 02:50:44 +0000"
    },
    "done": true
  },
  "minecraft:recipes/tools/shears": {
    "criteria": {
      "has_iron_ingot": "2024-05-13 02:54:09 +0000"
    },
    "done": true
  },
  "ceramics:recipes/ceramics/golden_bricks_wall_gold": {
    "criteria": {
      "has_gold": "2024-05-13 02:54:54 +0000"
    },
    "done": true
  },
  "betterendforge:recipes/betterendforge/terminite_hammer_smithing": {
    "criteria": {
      "has_stick": "2024-05-13 02:50:44 +0000"
    },
    "done": true
  },
  "betterendforge:recipes/betterendforge/iron_hammer": {
    "criteria": {
      "has_iron_ingot": "2024-05-13 02:54:09 +0000"
    },
    "done": true
  },
  "aquaculture:recipes/tools/wooden_fillet_knife": {
    "criteria": {
      "has_items": "2024-05-13 02:50:44 +0000"
    },
    "done": true
  },
  "minecraft:recipes/immersivecooking/stone_countertop_from_smooth_stone_slab_stonecutting": {
    "criteria": {
      "has_smooth_stone": "2024-05-13 03:04:24 +0000"
    },
    "done": true
  },
  "weeping_angels:recipes/angels/chisel": {
    "criteria": {
      "has_stone": "2024-05-13 03:05:20 +0000"
    },
    "done": true
  },
  "immersivecooking:recipes/immersivecooking/oak_andesite_counter": {
    "criteria": {
      "has_polished_andesite": "2024-05-13 03:04:32 +0000"
    },
    "done": true
  },
  "minecraft:recipes/combat/iron_leggings": {
    "criteria": {
      "has_iron_ingot": "2024-05-13 02:54:09 +0000"
    },
    "done": true
  },
  "minecraft:husbandry/balanced_diet": {
    "criteria": {
      "chorus_fruit": "2024-05-13 02:47:22 +0000",
      "golden_apple": "2024-05-13 03:04:12 +0000"
    },
    "done": false
  },
  "minecraft:recipes/brewing/golden_carrot": {
    "criteria": {
      "has_gold_nugget": "2024-05-13 02:54:54 +0000"
    },
    "done": true
  },
  "minecraft:recipes/tools/wooden_hoe": {
    "criteria": {
      "has_stick": "2024-05-13 02:50:44 +0000"
    },
    "done": true
  },
  "minecraft:recipes/combat/shield": {
    "criteria": {
      "has_iron_ingot": "2024-05-13 02:54:09 +0000"
    },
    "done": true
  },
  "minecraft:recipes/building_blocks/cobblestone_slab": {
    "criteria": {
      "has_cobblestone": "2024-05-13 03:05:20 +0000"
    },
    "done": true
  },
  "minecraft:recipes/misc/bucket": {
    "criteria": {
      "has_iron_ingot": "2024-05-13 02:54:09 +0000"
    },
    "done": true
  },
  "minecraft:recipes/building_blocks/cobblestone_stairs": {
    "criteria": {
      "has_cobblestone": "2024-05-13 03:05:20 +0000"
    },
    "done": true
  },
  "minecraft:recipes/redstone/hopper": {
    "criteria": {
      "has_iron_ingot": "2024-05-13 02:54:09 +0000"
    },
    "done": true
  },
  "immersivecooking:recipes/immersivecooking/acacia_stone_counter": {
    "criteria": {
      "has_smooth_stone": "2024-05-13 03:04:24 +0000"
    },
    "done": true
  },
  "immersivecooking:recipes/immersivecooking/jungle_stone_counter": {
    "criteria": {
      "has_smooth_stone": "2024-05-13 03:04:24 +0000"
    },
    "done": true
  },
  "mcwbridges:recipes/iron_bridge": {
    "criteria": {
      "has_planks": "2024-05-13 02:54:09 +0000"
    },
    "done": true
  },
  "survivalist:recipes/basic_hatchet": {
    "criteria": {
      "has_stick": "2024-05-13 02:50:44 +0000"
    },
    "done": true
  },
  "immersivecooking:recipes/immersivecooking/nether_brick_andesite_counter": {
    "criteria": {
      "has_polished_andesite": "2024-05-13 03:04:32 +0000"
    },
    "done": true
  },
  "immersivecooking:recipes/immersivecooking/crimson_stone_pantry": {
    "criteria": {
      "has_smooth_stone": "2024-05-13 03:04:24 +0000"
    },
    "done": true
  },
  "immersivecooking:recipes/immersivecooking/spruce_stone_counter": {
    "criteria": {
      "has_smooth_stone": "2024-05-13 03:04:24 +0000"
    },
    "done": true
  },
  "minecraft:recipes/building_blocks/hay_block": {
    "criteria": {
      "has_wheat": "2024-05-13 02:53:14 +0000"
    },
    "done": true
  },
  "minecraft:recipes/misc/leather_horse_armor": {
    "criteria": {
      "has_leather": "2024-05-13 02:54:04 +0000"
    },
    "done": true
  },
  "immersivecooking:recipes/immersivecooking/nether_brick_stone_counter": {
    "criteria": {
      "has_smooth_stone": "2024-05-13 03:04:24 +0000"
    },
    "done": true
  },
  "minecraft:recipes/combat/leather_leggings": {
    "criteria": {
      "has_leather": "2024-05-13 02:54:04 +0000"
    },
    "done": true
  },
  "piglin_expansion:divinity_armor": {
    "criteria": {
      "divinity_armor": "2024-05-13 02:57:57 +0000"
    },
    "done": true
  },
  "minecraft:recipes/combat/iron_helmet": {
    "criteria": {
      "has_iron_ingot": "2024-05-13 02:54:09 +0000"
    },
    "done": true
  },
  "minecraft:recipes/combat/bow": {
    "criteria": {
      "has_string": "2024-05-13 02:53:44 +0000"
    },
    "done": true
  },
  "sophisticatedbackpacks:recipes/sophisticatedbackpacks/blasting_upgrade": {
    "criteria": {
      "has_upgrade_base": "2024-05-13 02:47:00 +0000"
    },
    "done": true
  },
  "immersivecooking:recipes/immersivecooking/warped_stone_counter": {
    "criteria": {
      "has_smooth_stone": "2024-05-13 03:04:24 +0000"
    },
    "done": true
  },
  "sophisticatedbackpacks:recipes/sophisticatedbackpacks/auto_smoking_upgrade": {
    "criteria": {
      "has_smoking_upgrade": "2024-05-13 02:47:00 +0000"
    },
    "done": true
  },
  "minecraft:recipes/building_blocks/smooth_stone_slab": {
    "criteria": {
      "has_smooth_stone": "2024-05-13 03:04:24 +0000"
    },
    "done": true
  },
  "minecraft:recipes/decorations/iron_bars": {
    "criteria": {
      "has_iron_ingot": "2024-05-13 02:54:09 +0000"
    },
    "done": true
  },
  "cold_sweat:survival_tactics": {
    "criteria": {
      "freezing_on_fire": "2024-05-13 03:03:34 +0000"
    },
    "done": true
  },
  "takesapillage:root": {
    "criteria": {
      "always": "2024-05-13 02:47:00 +0000"
    },
    "done": true
  },
  "betterendforge:recipes/betterendforge/thallasium_sword_handle_smithing": {
    "criteria": {
      "has_stick": "2024-05-13 02:50:44 +0000"
    },
    "done": true
  },
  "immersivecooking:recipes/immersivecooking/dark_oak_andesite_pantry": {
    "criteria": {
      "has_polished_andesite": "2024-05-13 03:04:32 +0000"
    },
    "done": true
  },
  "betterendforge:recipes/betterendforge/terminite_pickaxe_smithing": {
    "criteria": {
      "has_stick": "2024-05-13 02:50:44 +0000"
    },
    "done": true
  },
  "minecraft:story/mine_stone": {
    "criteria": {
      "get_stone": "2024-05-13 03:05:20 +0000"
    },
    "done": true
  },
  "survivalist:recipes/basic_spade": {
    "criteria": {
      "has_stick": "2024-05-13 02:50:44 +0000"
    },
    "done": true
  },
  "minecraft:recipes/decorations/furnace": {
    "criteria": {
      "has_cobblestone": "2024-05-13 03:05:20 +0000"
    },
    "done": true
  },
  "minecraft:recipes/transportation/minecart": {
    "criteria": {
      "has_iron_ingot": "2024-05-13 02:54:09 +0000"
    },
    "done": true
  },
  "betterendforge:recipes/betterendforge/leather_to_stripes": {
    "criteria": {
      "has_leather": "2024-05-13 02:54:04 +0000"
    },
    "done": true
  },
  "morevillagers:root": {
    "criteria": {
      "always": "2024-05-13 02:47:00 +0000"
    },
    "done": true
  },
  "supplementaries:recipes/faucet": {
    "criteria": {
      "has_item": "2024-05-13 02:54:09 +0000"
    },
    "done": true
  },
  "survivalist:recipes/string": {
    "criteria": {
      "has_fibres": "2024-05-13 02:47:21 +0000"
    },
    "done": true
  },
  "minecraft:recipes/tools/iron_hoe": {
    "criteria": {
      "has_iron_ingot": "2024-05-13 02:54:09 +0000"
    },
    "done": true
  },
  "minecraft:recipes/tools/wooden_pickaxe": {
    "criteria": {
      "has_stick": "2024-05-13 02:50:44 +0000"
    },
    "done": true
  },
  "minecraft:recipes/building_blocks/cobblestone_slab_from_cobblestone_stonecutting": {
    "criteria": {
      "has_cobblestone": "2024-05-13 03:05:20 +0000"
    },
    "done": true
  },
  "sophisticatedbackpacks:recipes/sophisticatedbackpacks/smoking_upgrade_from_smelting_upgrade": {
    "criteria": {
      "has_smelting_upgrade": "2024-05-13 02:47:00 +0000"
    },
    "done": true
  },
  "immersivecooking:recipes/immersivecooking/crimson_andesite_pantry": {
    "criteria": {
      "has_polished_andesite": "2024-05-13 03:04:32 +0000"
    },
    "done": true
  },
  "minecraft:husbandry/root": {
    "criteria": {
      "consumed_item": "2024-05-13 02:47:22 +0000"
    },
    "done": true
  },
  "shieldexp:recipes/iron_shield": {
    "criteria": {
      "has_iron_ingot": "2024-05-13 02:47:00 +0000"
    },
    "done": true
  },
  "paraglider:paraglider": {
    "criteria": {
      "paraglider": "2024-05-13 02:54:54 +0000"
    },
    "done": true
  },
  "decorative_blocks:recipes/decorations/chain": {
    "criteria": {
      "has_ingot": "2024-05-13 02:54:09 +0000"
    },
    "done": true
  },
  "immersivecooking:recipes/immersivecooking/birch_andesite_counter": {
    "criteria": {
      "has_polished_andesite": "2024-05-13 03:04:32 +0000"
    },
    "done": true
  },
  "minecraft:recipes/tools/iron_shovel": {
    "criteria": {
      "has_iron_ingot": "2024-05-13 02:54:09 +0000"
    },
    "done": true
  },
  "ceramics:recipes/ceramics/golden_bricks_gold": {
    "criteria": {
      "has_gold": "2024-05-13 02:54:54 +0000"
    },
    "done": true
  },
  "minecraft:recipes/redstone/iron_trapdoor": {
    "criteria": {
      "has_iron_ingot": "2024-05-13 02:54:09 +0000"
    },
    "done": true
  },
  "immersivecooking:recipes/immersivecooking/crimson_stone_counter": {
    "criteria": {
      "has_smooth_stone": "2024-05-13 03:04:24 +0000"
    },
    "done": true
  },
  "aquaculture:recipes/tools/iron_fillet_knife": {
    "criteria": {
      "has_items": "2024-05-13 02:54:09 +0000"
    },
    "done": true
  },
  "aquaculture:recipes/tools/iron_fishing_rod": {
    "criteria": {
      "has_iron": "2024-05-13 02:54:09 +0000"
    },
    "done": true
  },
  "farmersdelight:recipes/farmersdelight/cutting_board": {
    "criteria": {
      "has_stick": "2024-05-13 02:50:44 +0000"
    },
    "done": true
  },
  "aquaculture:recipes/tools/stone_fillet_knife": {
    "criteria": {
      "has_items": "2024-05-13 03:05:20 +0000"
    },
    "done": true
  },
  "sophisticatedbackpacks:recipes/sophisticatedbackpacks/auto_blasting_upgrade_from_auto_smelting_upgrade": {
    "criteria": {
      "has_auto_smelting_upgrade": "2024-05-13 02:47:00 +0000"
    },
    "done": true
  },
  "minecraft:adventure/root": {
    "criteria": {
      "killed_by_something": "2024-05-13 02:47:17 +0000"
    },
    "done": true
  },
  "minecraft:recipes/decorations/item_frame": {
    "criteria": {
      "has_leather": "2024-05-13 02:54:04 +0000"
    },
    "done": true
  },
  "farmersdelight:main/root": {
    "criteria": {
      "seeds": "2024-05-13 02:47:00 +0000"
    },
    "done": true
  },
  "immersivecooking:recipes/immersivecooking/warped_andesite_counter": {
    "criteria": {
      "has_polished_andesite": "2024-05-13 03:04:32 +0000"
    },
    "done": true
  },
  "shieldexp:recipes/wooden_shield": {
    "criteria": {
      "has_stick": "2024-05-13 02:47:00 +0000"
    },
    "done": true
  },
  "minecraft:recipes/building_blocks/white_wool_from_string": {
    "criteria": {
      "has_string": "2024-05-13 02:53:44 +0000"
    },
    "done": true
  },
  "minecraft:recipes/tools/stone_hoe": {
    "criteria": {
      "has_cobblestone": "2024-05-13 03:05:20 +0000"
    },
    "done": true
  },
  "immersivecooking:recipes/immersivecooking/warped_stone_pantry": {
    "criteria": {
      "has_smooth_stone": "2024-05-13 03:04:24 +0000"
    },
    "done": true
  },
  "paraglider:recipes/paraglider/cosmetic/deku_leaf": {
    "criteria": {
      "has_paragliders": "2024-05-13 02:54:54 +0000"
    },
    "done": true
  },
  "immersivecooking:recipes/immersivecooking/dark_oak_andesite_counter": {
    "criteria": {
      "has_polished_andesite": "2024-05-13 03:04:32 +0000"
    },
    "done": true
  },
  "immersivecooking:recipes/immersivecooking/acacia_andesite_counter": {
    "criteria": {
      "has_polished_andesite": "2024-05-13 03:04:32 +0000"
    },
    "done": true
  },
  "farmersdelight:recipes/farmersdelight/cooking_pot": {
    "criteria": {
      "has_iron_ingot": "2024-05-13 02:54:09 +0000"
    },
    "done": true
  },
  "farmersdelight:recipes/farmersdelight/wheat_dough_from_water": {
    "criteria": {
      "has_wheat": "2024-05-13 02:53:14 +0000"
    },
    "done": true
  },
  "immersivecooking:recipes/immersivecooking/jungle_andesite_pantry": {
    "criteria": {
      "has_polished_andesite": "2024-05-13 03:04:32 +0000"
    },
    "done": true
  },
  "minecraft:recipes/building_blocks/dark_prismarine_slab": {
    "criteria": {
      "has_dark_prismarine": "2024-05-13 03:04:33 +0000"
    },
    "done": true
  },
  "weeping_angels:recipes/angels/statue": {
    "criteria": {
      "has_stone": "2024-05-13 02:49:32 +0000"
    },
    "done": true
  },
  "immersivecooking:recipes/immersivecooking/jungle_stone_pantry": {
    "criteria": {
      "has_smooth_stone": "2024-05-13 03:04:24 +0000"
    },
    "done": true
  },
  "supplementaries:recipes/lock_block": {
    "criteria": {
      "has_plank": "2024-05-13 02:54:09 +0000"
    },
    "done": true
  },
  "minecraft:recipes/misc/gold_ingot_from_nuggets": {
    "criteria": {
      "has_gold_nugget": "2024-05-13 02:54:54 +0000"
    },
    "done": true
  },
  "minecraft:recipes/decorations/chain": {
    "criteria": {
      "has_iron_ingot": "2024-05-13 02:54:09 +0000"
    },
    "done": true
  },
  "immersivecooking:recipes/immersivecooking/birch_andesite_pantry": {
    "criteria": {
      "has_polished_andesite": "2024-05-13 03:04:32 +0000"
    },
    "done": true
  },
  "supplementaries:recipes/pulley_block": {
    "criteria": {
      "has_plank": "2024-05-13 02:54:09 +0000"
    },
    "done": true
  },
  "immersivecooking:recipes/immersivecooking/warped_andesite_pantry": {
    "criteria": {
      "has_polished_andesite": "2024-05-13 03:04:32 +0000"
    },
    "done": true
  },
  "aquaculture:recipes/misc/neptinium_ingot_from_blasting": {
    "criteria": {
      "has_bow": "2024-05-13 03:02:27 +0000"
    },
    "done": true
  },
  "sketchbookattributes:spellcaster": {
    "criteria": {
      "triggered_in_code": "2024-05-13 02:47:16 +0000"
    },
    "done": true
  },
  "immersivecooking:recipes/immersivecooking/jungle_andesite_counter": {
    "criteria": {
      "has_polished_andesite": "2024-05-13 03:04:32 +0000"
    },
    "done": true
  },
  "betterendforge:recipes/betterendforge/terminite_sword_handle_smithing": {
    "criteria": {
      "has_stick": "2024-05-13 02:50:44 +0000"
    },
    "done": true
  },
  "betterendforge:recipes/betterendforge/thallasium_hammer_smithing": {
    "criteria": {
      "has_stick": "2024-05-13 02:50:44 +0000"
    },
    "done": true
  },
  "immersivecooking:recipes/immersivecooking/dark_oak_stone_counter": {
    "criteria": {
      "has_smooth_stone": "2024-05-13 03:04:24 +0000"
    },
    "done": true
  },
  "minecraft:recipes/building_blocks/smooth_stone_slab_from_smooth_stone_stonecutting": {
    "criteria": {
      "has_smooth_stone": "2024-05-13 03:04:24 +0000"
    },
    "done": true
  },
  "mowziesmobs:suns_blessing": {
    "criteria": {
      "get_suns_blessing": "2024-05-13 03:07:14 +0000"
    },
    "done": true
  },
  "minecraft:recipes/immersivecooking/stone_countertop_from_smooth_stone_stonecutting": {
    "criteria": {
      "has_smooth_stone": "2024-05-13 03:04:24 +0000"
    },
    "done": true
  },
  "minecraft:recipes/tools/wooden_axe": {
    "criteria": {
      "has_stick": "2024-05-13 02:50:44 +0000"
    },
    "done": true
  },
  "immersivecooking:recipes/immersivecooking/birch_stone_counter": {
    "criteria": {
      "has_smooth_stone": "2024-05-13 03:04:24 +0000"
    },
    "done": true
  },
  "betterendforge:recipes/betterendforge/thallasium_shovel_smithing": {
    "criteria": {
      "has_stick": "2024-05-13 02:50:44 +0000"
    },
    "done": true
  },
  "undead:undeadto": {
    "criteria": {
      "undeadto": "2024-05-13 02:47:00 +0000"
    },
    "done": true
  },
  "shieldexp:recipes/diamond_shield": {
    "criteria": {
      "has_diamond": "2024-05-13 02:47:00 +0000"
    },
    "done": true
  },
  "minecraft:recipes/decorations/loom": {
    "criteria": {
      "has_string": "2024-05-13 02:53:44 +0000"
    },
    "done": true
  },
  "cold_sweat:root": {
    "criteria": {
      "requirement": "2024-05-13 02:47:00 +0000"
    },
    "done": true
  },
  "ceramics:recipes/ceramics/golden_bricks_stairs_gold": {
    "criteria": {
      "has_gold": "2024-05-13 02:54:54 +0000"
    },
    "done": true
  },
  "mcwbridges:recipes/iron_bridge_pier": {
    "criteria": {
      "has_planks": "2024-05-13 02:54:09 +0000"
    },
    "done": true
  },
  "mcwbridges:recipes/pliers": {
    "criteria": {
      "has_planks": "2024-05-13 02:54:09 +0000"
    },
    "done": true
  },
  "minecraft:recipes/building_blocks/iron_block": {
    "criteria": {
      "has_iron_ingot": "2024-05-13 02:54:09 +0000"
    },
    "done": true
  },
  "immersivecooking:recipes/immersivecooking/oak_stone_counter": {
    "criteria": {
      "has_smooth_stone": "2024-05-13 03:04:24 +0000"
    },
    "done": true
  },
  "ceramics:recipes/building_blocks/stone_kiln": {
    "criteria": {
      "has_item": "2024-05-13 03:05:20 +0000"
    },
    "done": true
  },
  "minecraft:recipes/building_blocks/coal_block": {
    "criteria": {
      "has_coal": "2024-05-13 02:54:04 +0000"
    },
    "done": true
  },
  "mowziesmobs:root": {
    "criteria": {
      "custom_test_name": "2024-05-13 02:47:00 +0000"
    },
    "done": true
  },
  "minecraft:recipes/combat/wooden_sword": {
    "criteria": {
      "has_stick": "2024-05-13 02:50:44 +0000"
    },
    "done": true
  },
  "minecraft:recipes/tools/stone_shovel": {
    "criteria": {
      "has_cobblestone": "2024-05-13 03:05:20 +0000"
    },
    "done": true
  },
  "survivalist:recipes/stones": {
    "criteria": {
      "has_rock": "2024-05-13 02:49:32 +0000"
    },
    "done": true
  },
  "weeping_angels:recipes/angels/coffin": {
    "criteria": {
      "has_bone": "2024-05-13 03:05:22 +0000"
    },
    "done": true
  },
  "betterendforge:recipes/betterendforge/ender_block": {
    "criteria": {
      "has_ender_pearl": "2024-05-13 02:54:55 +0000"
    },
    "done": true
  },
  "immersivecooking:recipes/immersivecooking/brick_andesite_counter": {
    "criteria": {
      "has_polished_andesite": "2024-05-13 03:04:32 +0000"
    },
    "done": true
  },
  "skiing:recipes/skiing/snow_shovel": {
    "criteria": {
      "has_stick": "2024-05-13 02:50:44 +0000"
    },
    "done": true
  },
  "minecraft:recipes/tools/iron_axe": {
    "criteria": {
      "has_iron_ingot": "2024-05-13 02:54:09 +0000"
    },
    "done": true
  },
  "betterendforge:recipes/betterendforge/terminite_shovel_smithing": {
    "criteria": {
      "has_stick": "2024-05-13 02:50:44 +0000"
    },
    "done": true
  },
  "minecraft:recipes/building_blocks/polished_andesite_stairs_from_polished_andesite_stonecutting": {
    "criteria": {
      "has_polished_andesite": "2024-05-13 03:04:32 +0000"
    },
    "done": true
  },
  "sophisticatedbackpacks:recipes/sophisticatedbackpacks/blasting_upgrade_from_smelting_upgrade": {
    "criteria": {
      "has_smelting_upgrade": "2024-05-13 02:47:00 +0000"
    },
    "done": true
  },
  "minecraft:recipes/redstone/tripwire_hook": {
    "criteria": {
      "has_string": "2024-05-13 02:53:44 +0000"
    },
    "done": true
  },
  "minecraft:recipes/combat/iron_boots": {
    "criteria": {
      "has_iron_ingot": "2024-05-13 02:54:09 +0000"
    },
    "done": true
  },
  "minecraft:recipes/misc/bone_meal": {
    "criteria": {
      "has_bone": "2024-05-13 03:05:22 +0000"
    },
    "done": true
  },
  "supplementaries:recipes/crank": {
    "criteria": {
      "has_item": "2024-05-13 03:05:20 +0000"
    },
    "done": true
  },
  "survivalist:recipes/dough": {
    "criteria": {
      "has_wheat": "2024-05-13 02:53:14 +0000"
    },
    "done": true
  },
  "betterendforge:recipes/betterendforge/terminite_axe_smithing": {
    "criteria": {
      "has_stick": "2024-05-13 02:50:44 +0000"
    },
    "done": true
  },
  "farmersdelight:recipes/farmersdelight/iron_knife": {
    "criteria": {
      "has_iron_ingot": "2024-05-13 02:54:09 +0000"
    },
    "done": true
  },
  "paraglider:recipes/paraglider/paraglider": {
    "criteria": {
      "has_stick": "2024-05-13 02:50:44 +0000"
    },
    "done": true
  },
  "sophisticatedbackpacks:recipes/sophisticatedbackpacks/upgrade_base": {
    "criteria": {
      "has_leather": "2024-05-13 02:54:04 +0000"
    },
    "done": true
  },
  "minecraft:recipes/combat/crossbow": {
    "criteria": {
      "has_stick": "2024-05-13 02:50:44 +0000"
    },
    "done": true
  },
  "minecraft:recipes/combat/iron_chestplate": {
    "criteria": {
      "has_iron_ingot": "2024-05-13 02:54:09 +0000"
    },
    "done": true
  },
  "decorative_blocks:recipes/decorations/bar_panel": {
    "criteria": {
      "has_ingot": "2024-05-13 02:54:09 +0000"
    },
    "done": true
  },
  "sophisticatedbackpacks:recipes/sophisticatedbackpacks/smoking_upgrade": {
    "criteria": {
      "has_upgrade_base": "2024-05-13 02:47:00 +0000"
    },
    "done": true
  },
  "shieldexp:recipes/netherite_shield": {
    "criteria": {
      "has_netherite_ingot": "2024-05-13 02:47:00 +0000"
    },
    "done": true
  },
  "comforts:rope_and_nail": {
    "criteria": {
      "has_iron": "2024-05-13 02:54:09 +0000"
    },
    "done": true
  },
  "ceramics:recipes/ceramics/golden_bricks_slab_gold": {
    "criteria": {
      "has_gold": "2024-05-13 02:54:54 +0000"
    },
    "done": true
  },
  "supplementaries:recipes/goblet": {
    "criteria": {
      "has_plank": "2024-05-13 02:54:09 +0000"
    },
    "done": true
  },
  "sophisticatedbackpacks:recipes/sophisticatedbackpacks/backpack": {
    "criteria": {
      "has_leather": "2024-05-13 02:54:04 +0000"
    },
    "done": true
  },
  "minecraft:recipes/combat/leather_chestplate": {
    "criteria": {
      "has_leather": "2024-05-13 02:54:04 +0000"
    },
    "done": true
  },
  "immersivecooking:recipes/immersivecooking/crimson_andesite_counter": {
    "criteria": {
      "has_polished_andesite": "2024-05-13 03:04:32 +0000"
    },
    "done": true
  },
  "betterendforge:recipes/betterendforge/thallasium_axe_smithing": {
    "criteria": {
      "has_stick": "2024-05-13 02:50:44 +0000"
    },
    "done": true
  },
  "betterendforge:recipes/betterendforge/thallasium_hoe_smithing": {
    "criteria": {
      "has_stick": "2024-05-13 02:50:44 +0000"
    },
    "done": true
  },
  "cold_sweat:recipe_thermometer": {
    "criteria": {
      "temperature": "2024-05-13 02:47:00 +0000"
    },
    "done": true
  },
  "farmersdelight:recipes/farmersdelight/flint_knife": {
    "criteria": {
      "has_stick": "2024-05-13 02:50:44 +0000"
    },
    "done": true
  },
  "minecraft:recipes/building_blocks/stone": {
    "criteria": {
      "has_cobblestone": "2024-05-13 03:05:20 +0000"
    },
    "done": true
  },
  "minecraft:adventure/adventuring_time": {
    "criteria": {
      "minecraft:forest": "2024-05-13 02:48:11 +0000",
      "minecraft:birch_forest": "2024-05-13 02:47:00 +0000"
    },
    "done": false
  },
  "minecraft:recipes/redstone/iron_door": {
    "criteria": {
      "has_iron_ingot": "2024-05-13 02:54:09 +0000"
    },
    "done": true
  },
  "cold_sweat:extreme_temps": {
    "criteria": {
      "requirement": "2024-05-13 02:47:00 +0000"
    },
    "done": true
  },
  "immersive_aircraft:misc/aircraftery": {
    "criteria": {
      "has_item": "2024-05-13 02:47:00 +0000"
    },
    "done": true
  },
  "betterendforge:recipes/betterendforge/terminite_hoe_smithing": {
    "criteria": {
      "has_stick": "2024-05-13 02:50:44 +0000"
    },
    "done": true
  },
  "minecraft:recipes/combat/stone_sword": {
    "criteria": {
      "has_cobblestone": "2024-05-13 03:05:20 +0000"
    },
    "done": true
  },
  "minecraft:recipes/decorations/cobblestone_wall": {
    "criteria": {
      "has_cobblestone": "2024-05-13 03:05:20 +0000"
    },
    "done": true
  },
  "immersivecooking:recipes/immersivecooking/spruce_andesite_pantry": {
    "criteria": {
      "has_polished_andesite": "2024-05-13 03:04:32 +0000"
    },
    "done": true
  },
  "survivalist:recipes/basic_pick": {
    "criteria": {
      "has_stick": "2024-05-13 02:50:44 +0000"
    },
    "done": true
  },
  "minecraft:recipes/tools/stone_pickaxe": {
    "criteria": {
      "has_cobblestone": "2024-05-13 03:05:20 +0000"
    },
    "done": true
  },
  "immersivecooking:recipes/immersivecooking/acacia_andesite_pantry": {
    "criteria": {
      "has_polished_andesite": "2024-05-13 03:04:32 +0000"
    },
    "done": true
  },
  "minecraft:recipes/decorations/smithing_table": {
    "criteria": {
      "has_iron_ingot": "2024-05-13 02:54:09 +0000"
    },
    "done": true
  },
  "skiing:recipes/skiing/ski_stick": {
    "criteria": {
      "has_stick": "2024-05-13 02:50:44 +0000"
    },
    "done": true
  },
  "immersivecooking:recipes/immersivecooking/spruce_stone_pantry": {
    "criteria": {
      "has_smooth_stone": "2024-05-13 03:04:24 +0000"
    },
    "done": true
  },
  "minecraft:recipes/combat/leather_boots": {
    "criteria": {
      "has_leather": "2024-05-13 02:54:04 +0000"
    },
    "done": true
  },
  "minecraft:recipes/decorations/cobblestone_wall_from_cobblestone_stonecutting": {
    "criteria": {
      "has_cobblestone": "2024-05-13 03:05:20 +0000"
    },
    "done": true
  },
  "minecraft:recipes/immersivecooking/andesite_countertop_from_polished_andesite_slab_stonecutting": {
    "criteria": {
      "has_polished_andesite": "2024-05-13 03:04:32 +0000"
    },
    "done": true
  },
  "minecraft:recipes/building_blocks/polished_andesite_slab_from_polished_andesite_stonecutting": {
    "criteria": {
      "has_polished_andesite": "2024-05-13 03:04:32 +0000"
    },
    "done": true
  },
  "minecraft:recipes/decorations/grindstone": {
    "criteria": {
      "has_stone_slab": "2024-05-13 02:49:31 +0000"
    },
    "done": true
  },
  "minecraft:recipes/redstone/heavy_weighted_pressure_plate": {
    "criteria": {
      "has_iron_ingot": "2024-05-13 02:54:09 +0000"
    },
    "done": true
  },
  "weeping_angels:recipes/angels/plinth": {
    "criteria": {
      "has_crafting_table": "2024-05-13 02:49:32 +0000"
    },
    "done": true
  },
  "minecraft:recipes/building_blocks/dark_prismarine_stairs": {
    "criteria": {
      "has_dark_prismarine": "2024-05-13 03:04:33 +0000"
    },
    "done": true
  },
  "sophisticatedbackpacks:recipes/sophisticatedbackpacks/auto_smoking_upgrade_from_auto_smelting_upgrade": {
    "criteria": {
      "has_auto_smelting_upgrade": "2024-05-13 02:47:00 +0000"
    },
    "done": true
  },
  "nature_expansion:first_advancement": {
    "criteria": {
      "first_advancement": "2024-05-13 02:47:00 +0000"
    },
    "done": true
  },
  "unusualend:local_food": {
    "criteria": {
      "local_food": "2024-05-13 02:47:22 +0000"
    },
    "done": true
  },
  "minecraft:recipes/misc/mojang_banner_pattern": {
    "criteria": {
      "has_enchanted_golden_apple": "2024-05-13 03:04:17 +0000"
    },
    "done": true
  },
  "sophisticatedbackpacks:recipes/sophisticatedbackpacks/auto_blasting_upgrade": {
    "criteria": {
      "has_blasting_upgrade": "2024-05-13 02:47:00 +0000"
    },
    "done": true
  },
  "ceramics:recipes/building_blocks/smooth_stone_slab_smelting": {
    "criteria": {
      "has_item": "2024-05-13 02:49:31 +0000"
    },
    "done": true
  },
  "minecraft:recipes/decorations/lantern": {
    "criteria": {
      "has_iron_ingot": "2024-05-13 02:54:09 +0000"
    },
    "done": true
  },
  "supplementaries:recipes/bellows": {
    "criteria": {
      "has_item": "2024-05-13 02:54:04 +0000"
    },
    "done": true
  },
  "farmersdelight:recipes/farmersdelight/barbecue_stick": {
    "criteria": {
      "has_cooked_beef": "2024-05-13 02:53:14 +0000"
    },
    "done": true
  },
  "minecraft:recipes/immersivecooking/andesite_countertop_from_polished_andesite_stonecutting": {
    "criteria": {
      "has_polished_andesite": "2024-05-13 03:04:32 +0000"
    },
    "done": true
  },
  "shieldexp:recipes/golden_shield": {
    "criteria": {
      "has_gold_ingot": "2024-05-13 02:47:00 +0000"
    },
    "done": true
  },
  "minecraft:recipes/decorations/soul_campfire": {
    "criteria": {
      "has_stick": "2024-05-13 02:50:44 +0000"
    },
    "done": true
  },
  "minecraft:story/smelt_iron": {
    "criteria": {
      "iron": "2024-05-13 02:54:09 +0000"
    },
    "done": true
  },
  "survivalist:recipes/chainmail": {
    "criteria": {
      "has_iron": "2024-05-13 02:54:09 +0000"
    },
    "done": true
  },
  "minecraft:recipes/tools/stone_axe": {
    "criteria": {
      "has_cobblestone": "2024-05-13 03:05:20 +0000"
    },
    "done": true
  },
  "survivalist:recipes/building_blocks/cobblestone_from_rocks": {
    "criteria": {
      "has_rock": "2024-05-13 03:05:20 +0000"
    },
    "done": true
  },
  "immersivecooking:recipes/immersivecooking/spruce_andesite_counter": {
    "criteria": {
      "has_polished_andesite": "2024-05-13 03:04:32 +0000"
    },
    "done": true
  },
  "betterendforge:recipes/betterendforge/infusion_pedestal": {
    "criteria": {
      "has_ender_pearl": "2024-05-13 02:54:55 +0000"
    },
    "done": true
  },
  "decorative_blocks:recipes/decorations/lattice": {
    "criteria": {
      "has_stick": "2024-05-13 02:50:44 +0000"
    },
    "done": true
  },
  "repurposed_structures:root": {
    "criteria": {
      "always": "2024-05-13 02:47:00 +0000"
    },
    "done": true
  },
  "DataVersion": 2586
}